umesh,9,100
Vivesh,9,92
umesh,9,100
Ramesh,12,91
Rajesh,11,84
Suresh,12,86
Mahesh,9,90
Ganesh,10,95
Rakesh,12,89
Dinesh,11,87
Jogesh,9,88
Nilesh,9,100
Devesh,12,98
Lokesh,11,84
Yogesh,10,98
Mukesh,10,92
Unmesh,11,90
Animesh,10,87
Ajitesh,10,91
Sailesh,11,90
Kamlesh,12,98
Vimlesh,12,80
Durgesh,10,88
Kalpesh,9,92
Roopesh,11,86
Dharmesh,10,87
Bhuvanesh,9,90
Mithilesh,11,91
Unmesh,1,90
Animesh,1,87
Ajitesh,1,91
Sailesh,1,90
Kamlesh,2,98
Vimlesh,2,80
Durgesh,1,88
Kalpesh,3,92
Roopesh,5,86
Dharmesh,4,87
